Title,URL,Advertiser,Location,Area,Listing Date,Classification,Sub Classification,Work Type,Short Description
ColdFusion Developer,https://www.seek.com.au/job/36742402?type=standard,Continuum Recruitment,Melbourne,"",11d ago,Information &amp; Communication Technology,Developers/Programmers,Full Time,"Developer for financial sector to develop, maintain and support using ColdFusion and JavaScript."
Coldfusion Developer,https://www.seek.com.au/job/36738746?type=standard,GRIT Talent Consulting,Brisbane,CBD &amp; Inner Suburbs,11d ago,Information &amp; Communication Technology,Engineering - Software,Full Time,Permanent role; Work on high profile project work for a tech giant; Skills in Coldfusion 8 and SQL; API/Banking experience is preferred.
Coldfusion Developer,https://www.seek.com.au/job/36738747?type=standard,GRIT Talent Consulting,Melbourne,CBD &amp; Inner Suburbs,11d ago,Information &amp; Communication Technology,Engineering - Software,Full Time,Permanent role; Work on high profile project work for a tech giant; Skills in Coldfusion 8 and SQL; API/Banking experience is preferred.
Web Developer ,https://www.seek.com.au/job/36792985?type=standard,FIRESOFT Consulting,Melbourne,CBD &amp; Inner Suburbs,5d ago,Information &amp; Communication Technology,Web Development &amp; Production,Full Time,"Join an Australian grown organization that has a global foot print and offices all around the world, 
3+ Years exp as a Web developer required."
Business Analyst,https://www.seek.com.au/job/36708187?type=standard,Continuum Recruitment,Brisbane,"",16d ago,Information &amp; Communication Technology,Business/Systems Analysts,Full Time,"Business Analyst for Banking/Financial sector  - JAVA, API or Coldfusion experience required!"
Full Stack Developer,https://www.seek.com.au/job/36772920?type=standard,Bluefin Resources Pty Limited,Sydney,"CBD, Inner West &amp; Eastern Suburbs",6d ago,Information &amp; Communication Technology,Developers/Programmers,Full Time,Experienced Full Stack Developer required for a permanent position by one of Australia's leading companies. 
Senior Web Developer,https://www.seek.com.au/job/36743141?type=standout,JAM Web Services,Melbourne,CBD &amp; Inner Suburbs,11d ago,Information &amp; Communication Technology,Developers/Programmers,Full Time,JAM Web Services require an experienced Web Developer for immediate start.
Business Analyst,https://www.seek.com.au/job/36716459?type=standard,GRIT Talent Consulting,Brisbane,CBD &amp; Inner Suburbs,13d ago,Information &amp; Communication Technology,Business/Systems Analysts,Full Time,Permanent role; Industry experience in banking/payment OR case management; Work on large scale projects for a tech giant; Leadership opportunities.
SEO Manager,https://www.seek.com.au/job/36708261?type=standard,Indago Digital,Sydney,"CBD, Inner West &amp; Eastern Suburbs",16d ago,Marketing &amp; Communications,Digital &amp; Search Marketing,Full Time,"Leading independent digital agency, looking for a SEO manager. The best perks in the industry. Join a team of 9 SEO'ers and learn from your peers."
SEO Specialist,https://www.seek.com.au/job/36666681?type=standard,PRA,Sydney,"",20d ago,Marketing &amp; Communications,Digital &amp; Search Marketing,Full Time,An exciting opportunity exists for a SEO Specialist to join the growing team at a leading full service agency.
